LayerID, Sparsity Representation, Original Filter Storage, New Storage (Filter+Metadata), Filter Metadata Storage, Avg FILTER Metadata SRAM BW, 
0, ellpack_block, 196608, 107520.0, 9216.0, 1.9935107073329008,
1, ellpack_block, 50176, 27440.0, 2352.0, 0.28819997549319937,
2, ellpack_block, 50176, 27440.0, 2352.0, 0.5043963113875187,
3, ellpack_block, 4194304, 2293760.0, 196608.0, 2.657475365962451,
4, ellpack_block, 4194304, 2293760.0, 196608.0, 2.657475365962451,
