LayerID, Sparsity Representation, Original Filter Storage, New Storage (Filter+Metadata), Filter Metadata Storage, Avg FILTER Metadata SRAM BW, 
0, ellpack_block, 147456, 80640.0, 6912.0, 0.15687342547831415,
1, ellpack_block, 75264, 41160.0, 3528.0, 0.4811127778535388,
2, ellpack_block, 75264, 41160.0, 3528.0, 0.6987522281639929,
3, ellpack_block, 2359296, 1290240.0, 110592.0, 0.12303652980736604,
4, ellpack_block, 2359296, 1290240.0, 110592.0, 0.07645103288945666,
